<?xml version="1.0" encoding="UTF-8"?>
<project-private xmlns="http://www.netbeans.org/ns/project-private/1">
    <editor-bookmarks xmlns="http://www.netbeans.org/ns/editor-bookmarks/2" lastBookmarkId="0"/>
    <open-files xmlns="http://www.netbeans.org/ns/projectui-open-files/2">
        <group>
            <file>file:/F:/JAVA%20LAB%20PROJECT/FRONT/src/front/STUDENTPAGE.java</file>
            <file>file:/F:/JAVA%20LAB%20PROJECT/FRONT/src/front/REPORT.java</file>
            <file>file:/F:/JAVA%20LAB%20PROJECT/FRONT/src/front/INFORMATION.java</file>
            <file>file:/F:/JAVA%20LAB%20PROJECT/FRONT/src/front/FRONT.java</file>
            <file>file:/F:/JAVA%20LAB%20PROJECT/FRONT/src/front/LOGINPAGE.java</file>
            <file>file:/F:/JAVA%20LAB%20PROJECT/FRONT/src/front/PAYMENT.java</file>
            <file>file:/F:/JAVA%20LAB%20PROJECT/FRONT/src/front/SEMESTERFEES.java</file>
            <file>file:/F:/JAVA%20LAB%20PROJECT/FRONT/src/front/SIGNUPPAGE.java</file>
        </group>
    </open-files>
</project-private>
